<?xml version="1.0" encoding="UTF-8"?>
<configurationDescriptor version="100">
  <logicalFolder name="root" displayName="root" projectFiles="true" kind="ROOT">
    <logicalFolder name="HeaderFiles"
                   displayName="Arquivos de Cabeçalho"
                   projectFiles="true">
    </logicalFolder>
    <logicalFolder name="SourceFiles"
                   displayName="Arquivos de Código-Fonte"
                   projectFiles="true">
    </logicalFolder>
    <logicalFolder name="ResourceFiles"
                   displayName="Arquivos de Recurso"
                   projectFiles="true">
    </logicalFolder>
    <logicalFolder name="f9" displayName="Configuration" projectFiles="true">
      <itemPath>Traits.h</itemPath>
    </logicalFolder>
    <logicalFolder name="f1" displayName="Kernel" projectFiles="true">
      <logicalFolder name="f1" displayName="Impl" projectFiles="true">
        <logicalFolder name="f2" displayName="Parser" projectFiles="true">
          <itemPath>parserBisonFlex/Genesys++-driver.cpp</itemPath>
          <itemPath>parserBisonFlex/Genesys++-driver.h</itemPath>
          <itemPath>parserBisonFlex/Genesys++-scanner.cpp</itemPath>
          <itemPath>parserBisonFlex/GenesysParser.cpp</itemPath>
          <itemPath>parserBisonFlex/GenesysParser.h</itemPath>
          <itemPath>parserBisonFlex/ParserDefaultImpl2.cpp</itemPath>
          <itemPath>parserBisonFlex/ParserDefaultImpl2.h</itemPath>
          <itemPath>parserBisonFlex/parser/bisonparser.yy</itemPath>
          <itemPath>parserBisonFlex/parser/lexerparser.ll</itemPath>
          <itemPath>parserBisonFlex/location.hh</itemPath>
          <itemPath>parserBisonFlex/obj_t.cpp</itemPath>
          <itemPath>parserBisonFlex/obj_t.h</itemPath>
          <itemPath>parserBisonFlex/position.hh</itemPath>
          <itemPath>parserBisonFlex/stack.hh</itemPath>
        </logicalFolder>
        <itemPath>ParserDefaultImpl1.cpp</itemPath>
        <itemPath>ParserDefaultImpl1.h</itemPath>
        <itemPath>ParserDummyImpl.cpp</itemPath>
        <itemPath>ParserDummyImpl.h</itemPath>
        <itemPath>PluginConnectorDummyImpl1.cpp</itemPath>
        <itemPath>PluginConnectorDummyImpl1.h</itemPath>
        <itemPath>PluginConnectorDummyImpl2.cpp</itemPath>
        <itemPath>PluginConnectorDummyImpl2.h</itemPath>
        <itemPath>SamplerDefaultImpl1.cpp</itemPath>
        <itemPath>SamplerDefaultImpl1.h</itemPath>
        <itemPath>SamplerDummyImpl.cpp</itemPath>
        <itemPath>SamplerDummyImpl.h</itemPath>
      </logicalFolder>
      <logicalFolder name="f3" displayName="ModelParts" projectFiles="true">
        <logicalFolder name="f4" displayName="Elements" projectFiles="true">
          <itemPath>Attribute.cpp</itemPath>
          <itemPath>Attribute.h</itemPath>
          <itemPath>Entity.cpp</itemPath>
          <itemPath>Entity.h</itemPath>
          <itemPath>EntityType.cpp</itemPath>
          <itemPath>EntityType.h</itemPath>
        </logicalFolder>
        <logicalFolder name="f1" displayName="Impl" projectFiles="true">
          <itemPath>ModelCheckerDefaultImpl1.cpp</itemPath>
          <itemPath>ModelCheckerDefaultImpl1.h</itemPath>
          <itemPath>ModelCheckerImpl2.cpp</itemPath>
          <itemPath>ModelCheckerImpl2.h</itemPath>
          <itemPath>ModelPersistenceDefaultImpl1.cpp</itemPath>
          <itemPath>ModelPersistenceDefaultImpl1.h</itemPath>
          <itemPath>SimulationReporterDefaultImpl1.cpp</itemPath>
          <itemPath>SimulationReporterDefaultImpl1.h</itemPath>
        </logicalFolder>
        <logicalFolder name="f2" displayName="ModelSubParts" projectFiles="true">
          <itemPath>ConnectionManager.cpp</itemPath>
          <itemPath>ConnectionManager.h</itemPath>
          <itemPath>ModelChecker_if.h</itemPath>
          <itemPath>ModelComponent.cpp</itemPath>
          <itemPath>ModelComponent.h</itemPath>
          <itemPath>ModelElement.cpp</itemPath>
          <itemPath>ModelElement.h</itemPath>
          <itemPath>ModelPersistence_if.h</itemPath>
          <itemPath>SimulationReporter_if.h</itemPath>
          <itemPath>SinkModelComponent.cpp</itemPath>
          <itemPath>SinkModelComponent.h</itemPath>
          <itemPath>SourceModelComponent.cpp</itemPath>
          <itemPath>SourceModelComponent.h</itemPath>
        </logicalFolder>
        <itemPath>ComponentManager.cpp</itemPath>
        <itemPath>ComponentManager.h</itemPath>
        <itemPath>ElementManager.cpp</itemPath>
        <itemPath>ElementManager.h</itemPath>
        <itemPath>ModelInfo.cpp</itemPath>
        <itemPath>ModelInfo.h</itemPath>
        <itemPath>ModelSimulation.cpp</itemPath>
        <itemPath>ModelSimulation.h</itemPath>
        <itemPath>OnEventManager.cpp</itemPath>
        <itemPath>OnEventManager.h</itemPath>
        <itemPath>SimulationControl.cpp</itemPath>
        <itemPath>SimulationControl.h</itemPath>
        <itemPath>SimulationResponse.cpp</itemPath>
        <itemPath>SimulationResponse.h</itemPath>
        <itemPath>TraceManager.cpp</itemPath>
        <itemPath>TraceManager.h</itemPath>
      </logicalFolder>
      <logicalFolder name="f2" displayName="SimulatorParts" projectFiles="true">
        <logicalFolder name="f1" displayName="SimulationSubParts" projectFiles="true">
          <itemPath>DefineGetterSetter.h</itemPath>
          <itemPath>Event.cpp</itemPath>
          <itemPath>Event.h</itemPath>
          <itemPath>Model.cpp</itemPath>
          <itemPath>Model.h</itemPath>
          <itemPath>ParserChangesInformation.cpp</itemPath>
          <itemPath>ParserChangesInformation.h</itemPath>
          <itemPath>Parser_if.h</itemPath>
          <itemPath>Plugin.cpp</itemPath>
          <itemPath>Plugin.h</itemPath>
          <itemPath>PluginConnector_if.h</itemPath>
          <itemPath>PluginInformation.cpp</itemPath>
          <itemPath>PluginInformation.h</itemPath>
          <itemPath>Sampler_if.h</itemPath>
        </logicalFolder>
        <itemPath>LicenceManager.cpp</itemPath>
        <itemPath>LicenceManager.h</itemPath>
        <itemPath>ModelManager.cpp</itemPath>
        <itemPath>ModelManager.h</itemPath>
        <itemPath>ParserManager.cpp</itemPath>
        <itemPath>ParserManager.h</itemPath>
        <itemPath>PluginManager.cpp</itemPath>
        <itemPath>PluginManager.h</itemPath>
      </logicalFolder>
      <itemPath>Simulator.cpp</itemPath>
      <itemPath>Simulator.h</itemPath>
    </logicalFolder>
    <logicalFolder name="f3" displayName="Plugins" projectFiles="true">
      <logicalFolder name="f2" displayName="Components" projectFiles="true">
        <logicalFolder name="f2" displayName="Advanced Process" projectFiles="true">
          <itemPath>Delay.cpp</itemPath>
          <itemPath>Delay.h</itemPath>
          <itemPath>DropOff.cpp</itemPath>
          <itemPath>DropOff.h</itemPath>
          <itemPath>Hold.cpp</itemPath>
          <itemPath>Hold.h</itemPath>
          <itemPath>Match.cpp</itemPath>
          <itemPath>Match.h</itemPath>
          <itemPath>PickUp.cpp</itemPath>
          <itemPath>PickUp.h</itemPath>
          <itemPath>Release.cpp</itemPath>
          <itemPath>Release.h</itemPath>
          <itemPath>Remove.cpp</itemPath>
          <itemPath>Remove.h</itemPath>
          <itemPath>Search.cpp</itemPath>
          <itemPath>Search.h</itemPath>
          <itemPath>Seize.cpp</itemPath>
          <itemPath>Seize.h</itemPath>
          <itemPath>Signal.cpp</itemPath>
          <itemPath>Signal.h</itemPath>
          <itemPath>Store.cpp</itemPath>
          <itemPath>Store.h</itemPath>
          <itemPath>Unstore.cpp</itemPath>
          <itemPath>Unstore.h</itemPath>
          <itemPath>Write.cpp</itemPath>
          <itemPath>Write.h</itemPath>
        </logicalFolder>
        <logicalFolder name="f1" displayName="Basic Process" projectFiles="true">
          <itemPath>Assign.cpp</itemPath>
          <itemPath>Assign.h</itemPath>
          <itemPath>Batch.cpp</itemPath>
          <itemPath>Batch.h</itemPath>
          <itemPath>Create.cpp</itemPath>
          <itemPath>Create.h</itemPath>
          <itemPath>Decide.cpp</itemPath>
          <itemPath>Decide.h</itemPath>
          <itemPath>Dispose.cpp</itemPath>
          <itemPath>Dispose.h</itemPath>
          <itemPath>Record.cpp</itemPath>
          <itemPath>Record.h</itemPath>
          <itemPath>Separate.cpp</itemPath>
          <itemPath>Separate.h</itemPath>
          <itemPath>Submodel.cpp</itemPath>
          <itemPath>Submodel.h</itemPath>
        </logicalFolder>
        <logicalFolder name="f4" displayName="Conveyours" projectFiles="true">
          <itemPath>Access.cpp</itemPath>
          <itemPath>Access.h</itemPath>
          <itemPath>Exit.cpp</itemPath>
          <itemPath>Exit.h</itemPath>
          <itemPath>Start.cpp</itemPath>
          <itemPath>Start.h</itemPath>
          <itemPath>Stop.cpp</itemPath>
          <itemPath>Stop.h</itemPath>
        </logicalFolder>
        <logicalFolder name="f6" displayName="Others" projectFiles="true">
          <itemPath>CellularAutomata.cpp</itemPath>
          <itemPath>CellularAutomata.h</itemPath>
          <itemPath>Dummy.cpp</itemPath>
          <itemPath>Dummy.h</itemPath>
        </logicalFolder>
        <logicalFolder name="f3" displayName="Transfers" projectFiles="true">
          <itemPath>Enter.cpp</itemPath>
          <itemPath>Enter.h</itemPath>
          <itemPath>Leave.cpp</itemPath>
          <itemPath>Leave.h</itemPath>
          <itemPath>PickStation.cpp</itemPath>
          <itemPath>PickStation.h</itemPath>
          <itemPath>Route.cpp</itemPath>
          <itemPath>Route.h</itemPath>
        </logicalFolder>
        <logicalFolder name="f5" displayName="Transports" projectFiles="true">
          <itemPath>Alocate.cpp</itemPath>
          <itemPath>Alocate.h</itemPath>
          <itemPath>Free.cpp</itemPath>
          <itemPath>Free.h</itemPath>
          <itemPath>Halt.cpp</itemPath>
          <itemPath>Halt.h</itemPath>
          <itemPath>Move.cpp</itemPath>
          <itemPath>Move.h</itemPath>
          <itemPath>Request.cpp</itemPath>
          <itemPath>Request.h</itemPath>
        </logicalFolder>
      </logicalFolder>
      <logicalFolder name="f1" displayName="Elements" projectFiles="true">
        <logicalFolder name="f1" displayName="Advanced Process" projectFiles="true">
          <itemPath>Failure.cpp</itemPath>
          <itemPath>Failure.h</itemPath>
          <itemPath>File.cpp</itemPath>
          <itemPath>File.h</itemPath>
          <itemPath>Resource.cpp</itemPath>
          <itemPath>Resource.h</itemPath>
          <itemPath>Storage.cpp</itemPath>
          <itemPath>Storage.h</itemPath>
        </logicalFolder>
        <logicalFolder name="f2" displayName="Basic Process" projectFiles="true">
          <itemPath>Counter.cpp</itemPath>
          <itemPath>Counter.h</itemPath>
          <itemPath>EntityGroup.cpp</itemPath>
          <itemPath>EntityGroup.h</itemPath>
          <itemPath>Formula.cpp</itemPath>
          <itemPath>Formula.h</itemPath>
          <itemPath>Queue.cpp</itemPath>
          <itemPath>Queue.h</itemPath>
          <itemPath>Schedule.cpp</itemPath>
          <itemPath>Schedule.h</itemPath>
          <itemPath>Set.cpp</itemPath>
          <itemPath>Set.h</itemPath>
          <itemPath>StatisticsCollector.cpp</itemPath>
          <itemPath>StatisticsCollector.h</itemPath>
          <itemPath>Variable.cpp</itemPath>
          <itemPath>Variable.h</itemPath>
        </logicalFolder>
        <logicalFolder name="f3" displayName="Conveyours" projectFiles="true">
        </logicalFolder>
        <logicalFolder name="f6" displayName="Others" projectFiles="true">
          <itemPath>ODE.cpp</itemPath>
          <itemPath>ODE.h</itemPath>
        </logicalFolder>
        <logicalFolder name="f4" displayName="Transfers" projectFiles="true">
          <itemPath>Sequence.cpp</itemPath>
          <itemPath>Sequence.h</itemPath>
          <itemPath>Station.cpp</itemPath>
          <itemPath>Station.h</itemPath>
        </logicalFolder>
        <logicalFolder name="f5" displayName="Transports" projectFiles="true">
        </logicalFolder>
      </logicalFolder>
    </logicalFolder>
    <logicalFolder name="f4" displayName="Statistics" projectFiles="true">
      <logicalFolder name="f1" displayName="Impl" projectFiles="true">
        <itemPath>CollectorDatafileDefaultImpl1.cpp</itemPath>
        <itemPath>CollectorDatafileDefaultImpl1.h</itemPath>
        <itemPath>CollectorDatafileDummyImpl.cpp</itemPath>
        <itemPath>CollectorDatafileDummyImpl.h</itemPath>
        <itemPath>CollectorDefaultImpl1.cpp</itemPath>
        <itemPath>CollectorDefaultImpl1.h</itemPath>
        <itemPath>CollectorDummyImpl.cpp</itemPath>
        <itemPath>CollectorDummyImpl.h</itemPath>
        <itemPath>FitterDefaultImpl1.cpp</itemPath>
        <itemPath>FitterDefaultImpl1.h</itemPath>
        <itemPath>HypothesisTesterDefaultImpl1.cpp</itemPath>
        <itemPath>HypothesisTesterDefaultImpl1.h</itemPath>
        <itemPath>HypothesisTesterDummyImpl.cpp</itemPath>
        <itemPath>HypothesisTesterDummyImpl.h</itemPath>
        <itemPath>IntegratorDefaultImpl1.cpp</itemPath>
        <itemPath>IntegratorDefaultImpl1.h</itemPath>
        <itemPath>IntegratorDummyImpl.cpp</itemPath>
        <itemPath>IntegratorDummyImpl.h</itemPath>
        <itemPath>StatisticsDataFileDummyImpl.cpp</itemPath>
        <itemPath>StatisticsDataFileDummyImpl.h</itemPath>
        <itemPath>StatisticsDefaultImpl1.cpp</itemPath>
        <itemPath>StatisticsDefaultImpl1.h</itemPath>
        <itemPath>StatisticsDummyImpl.cpp</itemPath>
        <itemPath>StatisticsDummyImpl.h</itemPath>
      </logicalFolder>
      <logicalFolder name="f2" displayName="Interfaces" projectFiles="true">
        <itemPath>AnalysisOfVariance_if.h</itemPath>
        <itemPath>CollectorDatafile_if.h</itemPath>
        <itemPath>Collector_if.h</itemPath>
        <itemPath>Fitter_if.h</itemPath>
        <itemPath>HypothesisTester_if.h</itemPath>
        <itemPath>Integrator_if.h</itemPath>
        <itemPath>StatisticsDataFile_if.h</itemPath>
        <itemPath>Statistics_if.h</itemPath>
      </logicalFolder>
      <itemPath>ProbDistrib.cpp</itemPath>
      <itemPath>ProbDistrib.h</itemPath>
    </logicalFolder>
    <logicalFolder name="f8" displayName="Tools" projectFiles="true">
      <logicalFolder name="f1"
                     displayName="Distributed Parallel Execution"
                     projectFiles="true">
      </logicalFolder>
      <logicalFolder name="f4" displayName="Process Analyser" projectFiles="true">
        <logicalFolder name="f1" displayName="Impl" projectFiles="true">
          <itemPath>ExperimentDesignDefaultImpl1.cpp</itemPath>
          <itemPath>ExperimentDesignDefaultImpl1.h</itemPath>
          <itemPath>ExperimentDesignDummyImpl.cpp</itemPath>
          <itemPath>ExperimentDesignDummyImpl.h</itemPath>
          <itemPath>ProcessAnalyserDefaultImpl1.cpp</itemPath>
          <itemPath>ProcessAnalyserDefaultImpl1.h</itemPath>
        </logicalFolder>
        <itemPath>ExperimentDesign_if.h</itemPath>
        <itemPath>FactorOrInteractionContribution.cpp</itemPath>
        <itemPath>FactorOrInteractionContribution.h</itemPath>
        <itemPath>ProcessAnalyser_if.h</itemPath>
        <itemPath>ScenarioExperiment_if.h</itemPath>
        <itemPath>SimulationScenario.cpp</itemPath>
        <itemPath>SimulationScenario.h</itemPath>
      </logicalFolder>
      <logicalFolder name="f5" displayName="System Optimization" projectFiles="true">
      </logicalFolder>
      <itemPath>ToolManager.cpp</itemPath>
      <itemPath>ToolManager.h</itemPath>
    </logicalFolder>
    <logicalFolder name="f10"
                   displayName="User Program Interfaces"
                   projectFiles="true">
      <logicalFolder name="f3" displayName="Examples" projectFiles="true">
        <itemPath>FirstExampleOfSimulation.cpp</itemPath>
        <itemPath>FirstExampleOfSimulation.h</itemPath>
        <itemPath>FourthExampleOfSimulation.cpp</itemPath>
        <itemPath>FourthExampleOfSimulation.h</itemPath>
        <itemPath>SecondExampleOfSimulation.cpp</itemPath>
        <itemPath>SecondExampleOfSimulation.h</itemPath>
        <itemPath>ThirdExampleOfSimulation.cpp</itemPath>
        <itemPath>ThirdExampleOfSimultion.h</itemPath>
      </logicalFolder>
      <logicalFolder name="f1" displayName="Tests" projectFiles="true">
        <logicalFolder name="f1" displayName="Oldies" projectFiles="true">
          <itemPath>BuildSimulationModel03.cpp</itemPath>
          <itemPath>BuildSimulationModel03.h</itemPath>
          <itemPath>TestInputAnalyserTools.cpp</itemPath>
          <itemPath>TestInputAnalyserTools.h</itemPath>
          <itemPath>TestStatistics.cpp</itemPath>
          <itemPath>TestStatistics.h</itemPath>
        </logicalFolder>
        <logicalFolder name="f2"
                       displayName="TestSpecificComponents"
                       projectFiles="true">
          <itemPath>TestEnterLeaveRoute.cpp</itemPath>
          <itemPath>TestEnterLeaveRoute.h</itemPath>
          <itemPath>TestHoldSignal.cpp</itemPath>
          <itemPath>TestHoldSignal.h</itemPath>
          <itemPath>TestODE.cpp</itemPath>
          <itemPath>TestODE.h</itemPath>
          <itemPath>TestParser.cpp</itemPath>
          <itemPath>TestParser.h</itemPath>
          <itemPath>TestRemove.cpp</itemPath>
          <itemPath>TestRemove.h</itemPath>
          <itemPath>TestSeparate.cpp</itemPath>
          <itemPath>TestSeparate.h</itemPath>
          <itemPath>TestSimulationControlAndSimulationResponse.cpp</itemPath>
          <itemPath>TestSimulationControlAndSimulationResponse.h</itemPath>
        </logicalFolder>
        <itemPath>FullSimulationOfComplexModel.cpp</itemPath>
        <itemPath>FullSimulationOfComplexModel.h</itemPath>
        <itemPath>PartialTest.cpp</itemPath>
        <itemPath>PartialTest.h</itemPath>
        <itemPath>SlidingWindowModel.cpp</itemPath>
        <itemPath>SlidingWindowModel.h</itemPath>
      </logicalFolder>
      <logicalFolder name="f2" displayName="UserInterfaces" projectFiles="true">
        <itemPath>GenesysConsole.cpp</itemPath>
        <itemPath>GenesysConsole.h</itemPath>
        <itemPath>GenesysGUI.cpp</itemPath>
        <itemPath>GenesysGUI.h</itemPath>
      </logicalFolder>
      <itemPath>BaseConsoleGenesysApplication.cpp</itemPath>
      <itemPath>BaseConsoleGenesysApplication.h</itemPath>
      <itemPath>GenesysApplication_if.h</itemPath>
      <itemPath>main.cpp</itemPath>
    </logicalFolder>
    <logicalFolder name="f6" displayName="Util" projectFiles="true">
      <itemPath>DefaultTraceAndEventHandlers.h</itemPath>
      <itemPath>List.h</itemPath>
      <itemPath>Util.cpp</itemPath>
      <itemPath>Util.h</itemPath>
    </logicalFolder>
    <logicalFolder name="TestFiles"
                   displayName="Arquivos de Teste"
                   projectFiles="false"
                   kind="TEST_LOGICAL_FOLDER">
    </logicalFolder>
    <logicalFolder name="ExternalFiles"
                   displayName="Arquivos Importantes"
                   projectFiles="false"
                   kind="IMPORTANT_FILES_FOLDER">
      <itemPath>Makefile</itemPath>
    </logicalFolder>
  </logicalFolder>
  <projectmakefile>Makefile</projectmakefile>
  <confs>
    <conf name="Debug" type="1">
      <toolsSet>
        <compilerSet>default</compilerSet>
        <dependencyChecking>true</dependencyChecking>
        <rebuildPropChanged>true</rebuildPropChanged>
      </toolsSet>
      <compileType>
        <ccTool>
          <standard>8</standard>
          <commandLine>-fpermissive</commandLine>
        </ccTool>
        <asmTool>
          <warningLevel>2</warningLevel>
        </asmTool>
      </compileType>
      <item path="Access.cpp" ex="false" tool="1" flavor2="0">
      </item>
      <item path="Access.h" ex="false" tool="3" flavor2="0">
      </item>
      <item path="Alocate.cpp" ex="false" tool="1" flavor2="0">
      </item>
      <item path="Alocate.h" ex="false" tool="3" flavor2="0">
      </item>
      <item path="AnalysisOfVariance_if.h" ex="false" tool="3" flavor2="0">
      </item>
      <item path="Assign.cpp" ex="false" tool="1" flavor2="0">
      </item>
      <item path="Assign.h" ex="false" tool="3" flavor2="0">
      </item>
      <item path="Attribute.cpp" ex="false" tool="1" flavor2="0">
      </item>
      <item path="Attribute.h" ex="false" tool="3" flavor2="0">
      </item>
      <item path="BaseConsoleGenesysApplication.cpp" ex="false" tool="1" flavor2="0">
      </item>
      <item path="BaseConsoleGenesysApplication.h" ex="false" tool="3" flavor2="0">
      </item>
      <item path="Batch.cpp" ex="false" tool="1" flavor2="0">
      </item>
      <item path="Batch.h" ex="false" tool="3" flavor2="0">
      </item>
      <item path="BuildSimulationModel03.cpp" ex="false" tool="1" flavor2="0">
      </item>
      <item path="BuildSimulationModel03.h" ex="false" tool="3" flavor2="0">
      </item>
      <item path="CellularAutomata.cpp" ex="false" tool="1" flavor2="0">
      </item>
      <item path="CellularAutomata.h" ex="false" tool="3" flavor2="0">
      </item>
      <item path="CollectorDatafileDefaultImpl1.cpp" ex="false" tool="1" flavor2="0">
      </item>
      <item path="CollectorDatafileDefaultImpl1.h" ex="false" tool="3" flavor2="0">
      </item>
      <item path="CollectorDatafileDummyImpl.cpp" ex="false" tool="1" flavor2="0">
      </item>
      <item path="CollectorDatafileDummyImpl.h" ex="false" tool="3" flavor2="0">
      </item>
      <item path="CollectorDatafile_if.h" ex="false" tool="3" flavor2="0">
      </item>
      <item path="CollectorDefaultImpl1.cpp" ex="false" tool="1" flavor2="0">
      </item>
      <item path="CollectorDefaultImpl1.h" ex="false" tool="3" flavor2="0">
      </item>
      <item path="CollectorDummyImpl.cpp" ex="false" tool="1" flavor2="0">
      </item>
      <item path="CollectorDummyImpl.h" ex="false" tool="3" flavor2="0">
      </item>
      <item path="Collector_if.h" ex="false" tool="3" flavor2="0">
      </item>
      <item path="ComponentManager.cpp" ex="false" tool="1" flavor2="0">
      </item>
      <item path="ComponentManager.h" ex="false" tool="3" flavor2="0">
      </item>
      <item path="ConnectionManager.cpp" ex="false" tool="1" flavor2="0">
      </item>
      <item path="ConnectionManager.h" ex="false" tool="3" flavor2="0">
      </item>
      <item path="Counter.cpp" ex="false" tool="1" flavor2="0">
      </item>
      <item path="Counter.h" ex="false" tool="3" flavor2="0">
      </item>
      <item path="Create.cpp" ex="false" tool="1" flavor2="0">
      </item>
      <item path="Create.h" ex="false" tool="3" flavor2="0">
      </item>
      <item path="Decide.cpp" ex="false" tool="1" flavor2="0">
      </item>
      <item path="Decide.h" ex="false" tool="3" flavor2="0">
      </item>
      <item path="DefaultTraceAndEventHandlers.h" ex="false" tool="3" flavor2="0">
      </item>
      <item path="DefineGetterSetter.h" ex="false" tool="3" flavor2="0">
      </item>
      <item path="Delay.cpp" ex="false" tool="1" flavor2="0">
      </item>
      <item path="Delay.h" ex="false" tool="3" flavor2="0">
      </item>
      <item path="Dispose.cpp" ex="false" tool="1" flavor2="0">
      </item>
      <item path="Dispose.h" ex="false" tool="3" flavor2="0">
      </item>
      <item path="DropOff.cpp" ex="false" tool="1" flavor2="0">
      </item>
      <item path="DropOff.h" ex="false" tool="3" flavor2="0">
      </item>
      <item path="Dummy.cpp" ex="false" tool="1" flavor2="0">
      </item>
      <item path="Dummy.h" ex="false" tool="3" flavor2="0">
      </item>
      <item path="ElementManager.cpp" ex="false" tool="1" flavor2="0">
      </item>
      <item path="ElementManager.h" ex="false" tool="3" flavor2="0">
      </item>
      <item path="Enter.cpp" ex="false" tool="1" flavor2="0">
      </item>
      <item path="Enter.h" ex="false" tool="3" flavor2="0">
      </item>
      <item path="Entity.cpp" ex="false" tool="1" flavor2="0">
      </item>
      <item path="Entity.h" ex="false" tool="3" flavor2="0">
      </item>
      <item path="EntityGroup.cpp" ex="false" tool="1" flavor2="0">
      </item>
      <item path="EntityGroup.h" ex="false" tool="3" flavor2="0">
      </item>
      <item path="EntityType.cpp" ex="false" tool="1" flavor2="0">
      </item>
      <item path="EntityType.h" ex="false" tool="3" flavor2="0">
      </item>
      <item path="Event.cpp" ex="false" tool="1" flavor2="0">
      </item>
      <item path="Event.h" ex="false" tool="3" flavor2="0">
      </item>
      <item path="Exit.cpp" ex="false" tool="1" flavor2="0">
      </item>
      <item path="Exit.h" ex="false" tool="3" flavor2="0">
      </item>
      <item path="ExperimentDesignDefaultImpl1.cpp" ex="false" tool="1" flavor2="0">
      </item>
      <item path="ExperimentDesignDefaultImpl1.h" ex="false" tool="3" flavor2="0">
      </item>
      <item path="ExperimentDesignDummyImpl.cpp" ex="false" tool="1" flavor2="0">
      </item>
      <item path="ExperimentDesignDummyImpl.h" ex="false" tool="3" flavor2="0">
      </item>
      <item path="ExperimentDesign_if.h" ex="false" tool="3" flavor2="0">
      </item>
      <item path="FactorOrInteractionContribution.cpp"
            ex="false"
            tool="1"
            flavor2="0">
      </item>
      <item path="FactorOrInteractionContribution.h" ex="false" tool="3" flavor2="0">
      </item>
      <item path="Failure.cpp" ex="false" tool="1" flavor2="0">
      </item>
      <item path="Failure.h" ex="false" tool="3" flavor2="0">
      </item>
      <item path="File.cpp" ex="false" tool="1" flavor2="0">
      </item>
      <item path="File.h" ex="false" tool="3" flavor2="0">
      </item>
      <item path="FirstExampleOfSimulation.cpp" ex="false" tool="1" flavor2="0">
      </item>
      <item path="FirstExampleOfSimulation.h" ex="false" tool="3" flavor2="0">
      </item>
      <item path="FitterDefaultImpl1.cpp" ex="false" tool="1" flavor2="0">
      </item>
      <item path="FitterDefaultImpl1.h" ex="false" tool="3" flavor2="0">
      </item>
      <item path="Fitter_if.h" ex="false" tool="3" flavor2="0">
      </item>
      <item path="Formula.cpp" ex="false" tool="1" flavor2="0">
      </item>
      <item path="Formula.h" ex="false" tool="3" flavor2="0">
      </item>
      <item path="FourthExampleOfSimulation.cpp" ex="false" tool="1" flavor2="0">
      </item>
      <item path="FourthExampleOfSimulation.h" ex="false" tool="3" flavor2="0">
      </item>
      <item path="Free.cpp" ex="false" tool="1" flavor2="0">
      </item>
      <item path="Free.h" ex="false" tool="3" flavor2="0">
      </item>
      <item path="FullSimulationOfComplexModel.cpp" ex="false" tool="1" flavor2="0">
      </item>
      <item path="FullSimulationOfComplexModel.h" ex="false" tool="3" flavor2="0">
      </item>
      <item path="GenesysApplication_if.h" ex="false" tool="3" flavor2="0">
      </item>
      <item path="GenesysConsole.cpp" ex="false" tool="1" flavor2="0">
      </item>
      <item path="GenesysConsole.h" ex="false" tool="3" flavor2="0">
      </item>
      <item path="GenesysGUI.cpp" ex="false" tool="1" flavor2="0">
      </item>
      <item path="GenesysGUI.h" ex="false" tool="3" flavor2="0">
      </item>
      <item path="Halt.cpp" ex="false" tool="1" flavor2="0">
      </item>
      <item path="Halt.h" ex="false" tool="3" flavor2="0">
      </item>
      <item path="Hold.cpp" ex="false" tool="1" flavor2="0">
      </item>
      <item path="Hold.h" ex="false" tool="3" flavor2="0">
      </item>
      <item path="HypothesisTesterDefaultImpl1.cpp" ex="false" tool="1" flavor2="0">
      </item>
      <item path="HypothesisTesterDefaultImpl1.h" ex="false" tool="3" flavor2="0">
      </item>
      <item path="HypothesisTesterDummyImpl.cpp" ex="false" tool="1" flavor2="0">
      </item>
      <item path="HypothesisTesterDummyImpl.h" ex="false" tool="3" flavor2="0">
      </item>
      <item path="HypothesisTester_if.h" ex="false" tool="3" flavor2="0">
      </item>
      <item path="IntegratorDefaultImpl1.cpp" ex="false" tool="1" flavor2="0">
      </item>
      <item path="IntegratorDefaultImpl1.h" ex="false" tool="3" flavor2="0">
      </item>
      <item path="IntegratorDummyImpl.cpp" ex="false" tool="1" flavor2="0">
      </item>
      <item path="IntegratorDummyImpl.h" ex="false" tool="3" flavor2="0">
      </item>
      <item path="Integrator_if.h" ex="false" tool="3" flavor2="0">
      </item>
      <item path="Leave.cpp" ex="false" tool="1" flavor2="0">
      </item>
      <item path="Leave.h" ex="false" tool="3" flavor2="0">
      </item>
      <item path="LicenceManager.cpp" ex="false" tool="1" flavor2="0">
      </item>
      <item path="LicenceManager.h" ex="false" tool="3" flavor2="0">
      </item>
      <item path="List.h" ex="false" tool="3" flavor2="0">
      </item>
      <item path="Match.cpp" ex="false" tool="1" flavor2="0">
      </item>
      <item path="Match.h" ex="false" tool="3" flavor2="0">
      </item>
      <item path="Model.cpp" ex="false" tool="1" flavor2="0">
      </item>
      <item path="Model.h" ex="false" tool="3" flavor2="0">
      </item>
      <item path="ModelCheckerDefaultImpl1.cpp" ex="false" tool="1" flavor2="0">
      </item>
      <item path="ModelCheckerDefaultImpl1.h" ex="false" tool="3" flavor2="0">
      </item>
      <item path="ModelCheckerImpl2.cpp" ex="false" tool="1" flavor2="0">
      </item>
      <item path="ModelCheckerImpl2.h" ex="false" tool="3" flavor2="0">
      </item>
      <item path="ModelChecker_if.h" ex="false" tool="3" flavor2="0">
      </item>
      <item path="ModelComponent.cpp" ex="false" tool="1" flavor2="0">
      </item>
      <item path="ModelComponent.h" ex="false" tool="3" flavor2="0">
      </item>
      <item path="ModelElement.cpp" ex="false" tool="1" flavor2="0">
      </item>
      <item path="ModelElement.h" ex="false" tool="3" flavor2="0">
      </item>
      <item path="ModelInfo.cpp" ex="false" tool="1" flavor2="0">
      </item>
      <item path="ModelInfo.h" ex="false" tool="3" flavor2="0">
      </item>
      <item path="ModelManager.cpp" ex="false" tool="1" flavor2="0">
      </item>
      <item path="ModelManager.h" ex="false" tool="3" flavor2="0">
      </item>
      <item path="ModelPersistenceDefaultImpl1.cpp" ex="false" tool="1" flavor2="0">
      </item>
      <item path="ModelPersistenceDefaultImpl1.h" ex="false" tool="3" flavor2="0">
      </item>
      <item path="ModelPersistence_if.h" ex="false" tool="3" flavor2="0">
      </item>
      <item path="ModelSimulation.cpp" ex="false" tool="1" flavor2="0">
      </item>
      <item path="ModelSimulation.h" ex="false" tool="3" flavor2="0">
      </item>
      <item path="Move.cpp" ex="false" tool="1" flavor2="0">
      </item>
      <item path="Move.h" ex="false" tool="3" flavor2="0">
      </item>
      <item path="ODE.cpp" ex="false" tool="1" flavor2="0">
      </item>
      <item path="ODE.h" ex="false" tool="3" flavor2="0">
      </item>
      <item path="OnEventManager.cpp" ex="false" tool="1" flavor2="0">
      </item>
      <item path="OnEventManager.h" ex="false" tool="3" flavor2="0">
      </item>
      <item path="ParserChangesInformation.cpp" ex="false" tool="1" flavor2="0">
      </item>
      <item path="ParserChangesInformation.h" ex="false" tool="3" flavor2="0">
      </item>
      <item path="ParserDefaultImpl1.cpp" ex="false" tool="1" flavor2="0">
      </item>
      <item path="ParserDefaultImpl1.h" ex="false" tool="3" flavor2="0">
      </item>
      <item path="ParserDummyImpl.cpp" ex="false" tool="1" flavor2="0">
      </item>
      <item path="ParserDummyImpl.h" ex="false" tool="3" flavor2="0">
      </item>
      <item path="ParserManager.cpp" ex="false" tool="1" flavor2="0">
      </item>
      <item path="ParserManager.h" ex="false" tool="3" flavor2="0">
      </item>
      <item path="Parser_if.h" ex="false" tool="3" flavor2="0">
      </item>
      <item path="PartialTest.cpp" ex="false" tool="1" flavor2="0">
      </item>
      <item path="PartialTest.h" ex="false" tool="3" flavor2="0">
      </item>
      <item path="PickStation.cpp" ex="false" tool="1" flavor2="0">
      </item>
      <item path="PickStation.h" ex="false" tool="3" flavor2="0">
      </item>
      <item path="PickUp.cpp" ex="false" tool="1" flavor2="0">
      </item>
      <item path="PickUp.h" ex="false" tool="3" flavor2="0">
      </item>
      <item path="Plugin.cpp" ex="false" tool="1" flavor2="0">
      </item>
      <item path="Plugin.h" ex="false" tool="3" flavor2="0">
      </item>
      <item path="PluginConnectorDummyImpl1.cpp" ex="false" tool="1" flavor2="0">
      </item>
      <item path="PluginConnectorDummyImpl1.h" ex="false" tool="3" flavor2="0">
      </item>
      <item path="PluginConnectorDummyImpl2.cpp" ex="false" tool="1" flavor2="0">
      </item>
      <item path="PluginConnectorDummyImpl2.h" ex="false" tool="3" flavor2="0">
      </item>
      <item path="PluginConnector_if.h" ex="false" tool="3" flavor2="0">
      </item>
      <item path="PluginInformation.cpp" ex="false" tool="1" flavor2="0">
      </item>
      <item path="PluginInformation.h" ex="false" tool="3" flavor2="0">
      </item>
      <item path="PluginManager.cpp" ex="false" tool="1" flavor2="0">
      </item>
      <item path="PluginManager.h" ex="false" tool="3" flavor2="0">
      </item>
      <item path="ProbDistrib.cpp" ex="false" tool="1" flavor2="0">
      </item>
      <item path="ProbDistrib.h" ex="false" tool="3" flavor2="0">
      </item>
      <item path="ProcessAnalyserDefaultImpl1.cpp" ex="false" tool="1" flavor2="0">
      </item>
      <item path="ProcessAnalyserDefaultImpl1.h" ex="false" tool="3" flavor2="0">
      </item>
      <item path="ProcessAnalyser_if.h" ex="false" tool="3" flavor2="0">
      </item>
      <item path="Queue.cpp" ex="false" tool="1" flavor2="0">
      </item>
      <item path="Queue.h" ex="false" tool="3" flavor2="0">
      </item>
      <item path="Record.cpp" ex="false" tool="1" flavor2="0">
      </item>
      <item path="Record.h" ex="false" tool="3" flavor2="0">
      </item>
      <item path="Release.cpp" ex="false" tool="1" flavor2="0">
      </item>
      <item path="Release.h" ex="false" tool="3" flavor2="0">
      </item>
      <item path="Remove.cpp" ex="false" tool="1" flavor2="0">
      </item>
      <item path="Remove.h" ex="false" tool="3" flavor2="0">
      </item>
      <item path="Request.cpp" ex="false" tool="1" flavor2="0">
      </item>
      <item path="Request.h" ex="false" tool="3" flavor2="0">
      </item>
      <item path="Resource.cpp" ex="false" tool="1" flavor2="0">
      </item>
      <item path="Resource.h" ex="false" tool="3" flavor2="0">
      </item>
      <item path="Route.cpp" ex="false" tool="1" flavor2="0">
      </item>
      <item path="Route.h" ex="false" tool="3" flavor2="0">
      </item>
      <item path="SamplerDefaultImpl1.cpp" ex="false" tool="1" flavor2="0">
      </item>
      <item path="SamplerDefaultImpl1.h" ex="false" tool="3" flavor2="0">
      </item>
      <item path="SamplerDummyImpl.cpp" ex="false" tool="1" flavor2="0">
      </item>
      <item path="SamplerDummyImpl.h" ex="false" tool="3" flavor2="0">
      </item>
      <item path="Sampler_if.h" ex="false" tool="3" flavor2="0">
      </item>
      <item path="ScenarioExperiment_if.h" ex="false" tool="3" flavor2="0">
      </item>
      <item path="Schedule.cpp" ex="false" tool="1" flavor2="0">
      </item>
      <item path="Schedule.h" ex="false" tool="3" flavor2="0">
      </item>
      <item path="Search.cpp" ex="false" tool="1" flavor2="0">
      </item>
      <item path="Search.h" ex="false" tool="3" flavor2="0">
      </item>
      <item path="SecondExampleOfSimulation.cpp" ex="false" tool="1" flavor2="0">
      </item>
      <item path="SecondExampleOfSimulation.h" ex="false" tool="3" flavor2="0">
      </item>
      <item path="Seize.cpp" ex="false" tool="1" flavor2="0">
      </item>
      <item path="Seize.h" ex="false" tool="3" flavor2="0">
      </item>
      <item path="Separate.cpp" ex="false" tool="1" flavor2="0">
      </item>
      <item path="Separate.h" ex="false" tool="3" flavor2="0">
      </item>
      <item path="Sequence.cpp" ex="false" tool="1" flavor2="0">
      </item>
      <item path="Sequence.h" ex="false" tool="3" flavor2="0">
      </item>
      <item path="Set.cpp" ex="false" tool="1" flavor2="0">
      </item>
      <item path="Set.h" ex="false" tool="3" flavor2="0">
      </item>
      <item path="Signal.cpp" ex="false" tool="1" flavor2="0">
      </item>
      <item path="Signal.h" ex="false" tool="3" flavor2="0">
      </item>
      <item path="SimulationControl.cpp" ex="false" tool="1" flavor2="0">
      </item>
      <item path="SimulationControl.h" ex="false" tool="3" flavor2="0">
      </item>
      <item path="SimulationReporterDefaultImpl1.cpp" ex="false" tool="1" flavor2="0">
      </item>
      <item path="SimulationReporterDefaultImpl1.h" ex="false" tool="3" flavor2="0">
      </item>
      <item path="SimulationReporter_if.h" ex="false" tool="3" flavor2="0">
      </item>
      <item path="SimulationResponse.cpp" ex="false" tool="1" flavor2="0">
      </item>
      <item path="SimulationResponse.h" ex="false" tool="3" flavor2="0">
      </item>
      <item path="SimulationScenario.cpp" ex="false" tool="1" flavor2="0">
      </item>
      <item path="SimulationScenario.h" ex="false" tool="3" flavor2="0">
      </item>
      <item path="Simulator.cpp" ex="false" tool="1" flavor2="0">
      </item>
      <item path="Simulator.h" ex="false" tool="3" flavor2="0">
      </item>
      <item path="SinkModelComponent.cpp" ex="false" tool="1" flavor2="0">
      </item>
      <item path="SinkModelComponent.h" ex="false" tool="3" flavor2="0">
      </item>
      <item path="SlidingWindowModel.cpp" ex="false" tool="1" flavor2="0">
      </item>
      <item path="SlidingWindowModel.h" ex="false" tool="3" flavor2="0">
      </item>
      <item path="SourceModelComponent.cpp" ex="false" tool="1" flavor2="0">
      </item>
      <item path="SourceModelComponent.h" ex="false" tool="3" flavor2="0">
      </item>
      <item path="Start.cpp" ex="false" tool="1" flavor2="0">
      </item>
      <item path="Start.h" ex="false" tool="3" flavor2="0">
      </item>
      <item path="Station.cpp" ex="false" tool="1" flavor2="0">
      </item>
      <item path="Station.h" ex="false" tool="3" flavor2="0">
      </item>
      <item path="StatisticsCollector.cpp" ex="false" tool="1" flavor2="0">
      </item>
      <item path="StatisticsCollector.h" ex="false" tool="3" flavor2="0">
      </item>
      <item path="StatisticsDataFileDummyImpl.cpp" ex="false" tool="1" flavor2="0">
      </item>
      <item path="StatisticsDataFileDummyImpl.h" ex="false" tool="3" flavor2="0">
      </item>
      <item path="StatisticsDataFile_if.h" ex="false" tool="3" flavor2="0">
      </item>
      <item path="StatisticsDefaultImpl1.cpp" ex="false" tool="1" flavor2="0">
      </item>
      <item path="StatisticsDefaultImpl1.h" ex="false" tool="3" flavor2="0">
      </item>
      <item path="StatisticsDummyImpl.cpp" ex="false" tool="1" flavor2="0">
      </item>
      <item path="StatisticsDummyImpl.h" ex="false" tool="3" flavor2="0">
      </item>
      <item path="Statistics_if.h" ex="false" tool="3" flavor2="0">
      </item>
      <item path="Stop.cpp" ex="false" tool="1" flavor2="0">
      </item>
      <item path="Stop.h" ex="false" tool="3" flavor2="0">
      </item>
      <item path="Storage.cpp" ex="false" tool="1" flavor2="0">
      </item>
      <item path="Storage.h" ex="false" tool="3" flavor2="0">
      </item>
      <item path="Store.cpp" ex="false" tool="1" flavor2="0">
      </item>
      <item path="Store.h" ex="false" tool="3" flavor2="0">
      </item>
      <item path="Submodel.cpp" ex="false" tool="1" flavor2="0">
      </item>
      <item path="Submodel.h" ex="false" tool="3" flavor2="0">
      </item>
      <item path="TestEnterLeaveRoute.cpp" ex="false" tool="1" flavor2="0">
      </item>
      <item path="TestEnterLeaveRoute.h" ex="false" tool="3" flavor2="0">
      </item>
      <item path="TestHoldSignal.cpp" ex="false" tool="1" flavor2="0">
      </item>
      <item path="TestHoldSignal.h" ex="false" tool="3" flavor2="0">
      </item>
      <item path="TestInputAnalyserTools.cpp" ex="false" tool="1" flavor2="0">
      </item>
      <item path="TestInputAnalyserTools.h" ex="false" tool="3" flavor2="0">
      </item>
      <item path="TestODE.cpp" ex="false" tool="1" flavor2="0">
      </item>
      <item path="TestODE.h" ex="false" tool="3" flavor2="0">
      </item>
      <item path="TestParser.cpp" ex="false" tool="1" flavor2="0">
      </item>
      <item path="TestParser.h" ex="false" tool="3" flavor2="0">
      </item>
      <item path="TestRemove.cpp" ex="false" tool="1" flavor2="0">
      </item>
      <item path="TestRemove.h" ex="false" tool="3" flavor2="0">
      </item>
      <item path="TestSeparate.cpp" ex="false" tool="1" flavor2="0">
      </item>
      <item path="TestSeparate.h" ex="false" tool="3" flavor2="0">
      </item>
      <item path="TestSimulationControlAndSimulationResponse.cpp"
            ex="false"
            tool="1"
            flavor2="0">
      </item>
      <item path="TestSimulationControlAndSimulationResponse.h"
            ex="false"
            tool="3"
            flavor2="0">
      </item>
      <item path="TestStatistics.cpp" ex="false" tool="1" flavor2="0">
      </item>
      <item path="TestStatistics.h" ex="false" tool="3" flavor2="0">
      </item>
      <item path="ThirdExampleOfSimulation.cpp" ex="false" tool="1" flavor2="0">
      </item>
      <item path="ThirdExampleOfSimultion.h" ex="false" tool="3" flavor2="0">
      </item>
      <item path="ToolManager.cpp" ex="false" tool="1" flavor2="0">
      </item>
      <item path="ToolManager.h" ex="false" tool="3" flavor2="0">
      </item>
      <item path="TraceManager.cpp" ex="false" tool="1" flavor2="0">
      </item>
      <item path="TraceManager.h" ex="false" tool="3" flavor2="0">
      </item>
      <item path="Traits.h" ex="false" tool="3" flavor2="0">
      </item>
      <item path="Unstore.cpp" ex="false" tool="1" flavor2="0">
      </item>
      <item path="Unstore.h" ex="false" tool="3" flavor2="0">
      </item>
      <item path="Util.cpp" ex="false" tool="1" flavor2="0">
      </item>
      <item path="Util.h" ex="false" tool="3" flavor2="0">
      </item>
      <item path="Variable.cpp" ex="false" tool="1" flavor2="0">
      </item>
      <item path="Variable.h" ex="false" tool="3" flavor2="0">
      </item>
      <item path="Write.cpp" ex="false" tool="1" flavor2="0">
      </item>
      <item path="Write.h" ex="false" tool="3" flavor2="0">
      </item>
      <item path="main.cpp" ex="false" tool="1" flavor2="0">
      </item>
      <item path="parserBisonFlex/Genesys++-driver.cpp"
            ex="false"
            tool="1"
            flavor2="0">
      </item>
      <item path="parserBisonFlex/Genesys++-driver.h" ex="false" tool="3" flavor2="0">
      </item>
      <item path="parserBisonFlex/Genesys++-scanner.cpp"
            ex="false"
            tool="1"
            flavor2="0">
      </item>
      <item path="parserBisonFlex/GenesysParser.cpp" ex="false" tool="1" flavor2="0">
      </item>
      <item path="parserBisonFlex/GenesysParser.h" ex="false" tool="3" flavor2="0">
      </item>
      <item path="parserBisonFlex/ParserDefaultImpl2.cpp"
            ex="false"
            tool="1"
            flavor2="0">
      </item>
      <item path="parserBisonFlex/ParserDefaultImpl2.h"
            ex="false"
            tool="3"
            flavor2="0">
      </item>
      <item path="parserBisonFlex/location.hh" ex="false" tool="3" flavor2="0">
      </item>
      <item path="parserBisonFlex/obj_t.cpp" ex="false" tool="1" flavor2="0">
      </item>
      <item path="parserBisonFlex/obj_t.h" ex="false" tool="3" flavor2="0">
      </item>
      <item path="parserBisonFlex/parser/bisonparser.yy"
            ex="false"
            tool="3"
            flavor2="0">
      </item>
      <item path="parserBisonFlex/parser/lexerparser.ll"
            ex="false"
            tool="3"
            flavor2="0">
      </item>
      <item path="parserBisonFlex/position.hh" ex="false" tool="3" flavor2="0">
      </item>
      <item path="parserBisonFlex/stack.hh" ex="false" tool="3" flavor2="0">
      </item>
    </conf>
    <conf name="Release" type="1">
      <toolsSet>
        <compilerSet>default</compilerSet>
        <dependencyChecking>true</dependencyChecking>
        <rebuildPropChanged>true</rebuildPropChanged>
      </toolsSet>
      <compileType>
        <cTool>
          <developmentMode>5</developmentMode>
        </cTool>
        <ccTool>
          <developmentMode>5</developmentMode>
        </ccTool>
        <fortranCompilerTool>
          <developmentMode>5</developmentMode>
        </fortranCompilerTool>
        <asmTool>
          <developmentMode>5</developmentMode>
        </asmTool>
      </compileType>
      <item path="Access.cpp" ex="false" tool="1" flavor2="0">
      </item>
      <item path="Access.h" ex="false" tool="3" flavor2="0">
      </item>
      <item path="Alocate.cpp" ex="false" tool="1" flavor2="0">
      </item>
      <item path="Alocate.h" ex="false" tool="3" flavor2="0">
      </item>
      <item path="AnalysisOfVariance_if.h" ex="false" tool="3" flavor2="0">
      </item>
      <item path="Assign.cpp" ex="false" tool="1" flavor2="0">
      </item>
      <item path="Assign.h" ex="false" tool="3" flavor2="0">
      </item>
      <item path="Attribute.cpp" ex="false" tool="1" flavor2="0">
      </item>
      <item path="Attribute.h" ex="false" tool="3" flavor2="0">
      </item>
      <item path="BaseConsoleGenesysApplication.cpp" ex="false" tool="1" flavor2="0">
      </item>
      <item path="BaseConsoleGenesysApplication.h" ex="false" tool="3" flavor2="0">
      </item>
      <item path="Batch.cpp" ex="false" tool="1" flavor2="0">
      </item>
      <item path="Batch.h" ex="false" tool="3" flavor2="0">
      </item>
      <item path="BuildSimulationModel03.cpp" ex="false" tool="1" flavor2="0">
      </item>
      <item path="BuildSimulationModel03.h" ex="false" tool="3" flavor2="0">
      </item>
      <item path="CellularAutomata.cpp" ex="false" tool="1" flavor2="0">
      </item>
      <item path="CellularAutomata.h" ex="false" tool="3" flavor2="0">
      </item>
      <item path="CollectorDatafileDefaultImpl1.cpp" ex="false" tool="1" flavor2="0">
      </item>
      <item path="CollectorDatafileDefaultImpl1.h" ex="false" tool="3" flavor2="0">
      </item>
      <item path="CollectorDatafileDummyImpl.cpp" ex="false" tool="1" flavor2="0">
      </item>
      <item path="CollectorDatafileDummyImpl.h" ex="false" tool="3" flavor2="0">
      </item>
      <item path="CollectorDatafile_if.h" ex="false" tool="3" flavor2="0">
      </item>
      <item path="CollectorDefaultImpl1.cpp" ex="false" tool="1" flavor2="0">
      </item>
      <item path="CollectorDefaultImpl1.h" ex="false" tool="3" flavor2="0">
      </item>
      <item path="CollectorDummyImpl.cpp" ex="false" tool="1" flavor2="0">
      </item>
      <item path="CollectorDummyImpl.h" ex="false" tool="3" flavor2="0">
      </item>
      <item path="Collector_if.h" ex="false" tool="3" flavor2="0">
      </item>
      <item path="ComponentManager.cpp" ex="false" tool="1" flavor2="0">
      </item>
      <item path="ComponentManager.h" ex="false" tool="3" flavor2="0">
      </item>
      <item path="ConnectionManager.cpp" ex="false" tool="1" flavor2="0">
      </item>
      <item path="ConnectionManager.h" ex="false" tool="3" flavor2="0">
      </item>
      <item path="Counter.cpp" ex="false" tool="1" flavor2="0">
      </item>
      <item path="Counter.h" ex="false" tool="3" flavor2="0">
      </item>
      <item path="Create.cpp" ex="false" tool="1" flavor2="0">
      </item>
      <item path="Create.h" ex="false" tool="3" flavor2="0">
      </item>
      <item path="Decide.cpp" ex="false" tool="1" flavor2="0">
      </item>
      <item path="Decide.h" ex="false" tool="3" flavor2="0">
      </item>
      <item path="DefaultTraceAndEventHandlers.h" ex="false" tool="3" flavor2="0">
      </item>
      <item path="DefineGetterSetter.h" ex="false" tool="3" flavor2="0">
      </item>
      <item path="Delay.cpp" ex="false" tool="1" flavor2="0">
      </item>
      <item path="Delay.h" ex="false" tool="3" flavor2="0">
      </item>
      <item path="Dispose.cpp" ex="false" tool="1" flavor2="0">
      </item>
      <item path="Dispose.h" ex="false" tool="3" flavor2="0">
      </item>
      <item path="DropOff.cpp" ex="false" tool="1" flavor2="0">
      </item>
      <item path="DropOff.h" ex="false" tool="3" flavor2="0">
      </item>
      <item path="Dummy.cpp" ex="false" tool="1" flavor2="0">
      </item>
      <item path="Dummy.h" ex="false" tool="3" flavor2="0">
      </item>
      <item path="ElementManager.cpp" ex="false" tool="1" flavor2="0">
      </item>
      <item path="ElementManager.h" ex="false" tool="3" flavor2="0">
      </item>
      <item path="Enter.cpp" ex="false" tool="1" flavor2="0">
      </item>
      <item path="Enter.h" ex="false" tool="3" flavor2="0">
      </item>
      <item path="Entity.cpp" ex="false" tool="1" flavor2="0">
      </item>
      <item path="Entity.h" ex="false" tool="3" flavor2="0">
      </item>
      <item path="EntityGroup.cpp" ex="false" tool="1" flavor2="0">
      </item>
      <item path="EntityGroup.h" ex="false" tool="3" flavor2="0">
      </item>
      <item path="EntityType.cpp" ex="false" tool="1" flavor2="0">
      </item>
      <item path="EntityType.h" ex="false" tool="3" flavor2="0">
      </item>
      <item path="Event.cpp" ex="false" tool="1" flavor2="0">
      </item>
      <item path="Event.h" ex="false" tool="3" flavor2="0">
      </item>
      <item path="Exit.cpp" ex="false" tool="1" flavor2="0">
      </item>
      <item path="Exit.h" ex="false" tool="3" flavor2="0">
      </item>
      <item path="ExperimentDesignDefaultImpl1.cpp" ex="false" tool="1" flavor2="0">
      </item>
      <item path="ExperimentDesignDefaultImpl1.h" ex="false" tool="3" flavor2="0">
      </item>
      <item path="ExperimentDesignDummyImpl.cpp" ex="false" tool="1" flavor2="0">
      </item>
      <item path="ExperimentDesignDummyImpl.h" ex="false" tool="3" flavor2="0">
      </item>
      <item path="ExperimentDesign_if.h" ex="false" tool="3" flavor2="0">
      </item>
      <item path="FactorOrInteractionContribution.cpp"
            ex="false"
            tool="1"
            flavor2="0">
      </item>
      <item path="FactorOrInteractionContribution.h" ex="false" tool="3" flavor2="0">
      </item>
      <item path="Failure.cpp" ex="false" tool="1" flavor2="0">
      </item>
      <item path="Failure.h" ex="false" tool="3" flavor2="0">
      </item>
      <item path="File.cpp" ex="false" tool="1" flavor2="0">
      </item>
      <item path="File.h" ex="false" tool="3" flavor2="0">
      </item>
      <item path="FirstExampleOfSimulation.cpp" ex="false" tool="1" flavor2="0">
      </item>
      <item path="FirstExampleOfSimulation.h" ex="false" tool="3" flavor2="0">
      </item>
      <item path="FitterDefaultImpl1.cpp" ex="false" tool="1" flavor2="0">
      </item>
      <item path="FitterDefaultImpl1.h" ex="false" tool="3" flavor2="0">
      </item>
      <item path="Fitter_if.h" ex="false" tool="3" flavor2="0">
      </item>
      <item path="Formula.cpp" ex="false" tool="1" flavor2="0">
      </item>
      <item path="Formula.h" ex="false" tool="3" flavor2="0">
      </item>
      <item path="FourthExampleOfSimulation.cpp" ex="false" tool="1" flavor2="0">
      </item>
      <item path="FourthExampleOfSimulation.h" ex="false" tool="3" flavor2="0">
      </item>
      <item path="Free.cpp" ex="false" tool="1" flavor2="0">
      </item>
      <item path="Free.h" ex="false" tool="3" flavor2="0">
      </item>
      <item path="FullSimulationOfComplexModel.cpp" ex="false" tool="1" flavor2="0">
      </item>
      <item path="FullSimulationOfComplexModel.h" ex="false" tool="3" flavor2="0">
      </item>
      <item path="GenesysApplication_if.h" ex="false" tool="3" flavor2="0">
      </item>
      <item path="GenesysConsole.cpp" ex="false" tool="1" flavor2="0">
      </item>
      <item path="GenesysConsole.h" ex="false" tool="3" flavor2="0">
      </item>
      <item path="GenesysGUI.cpp" ex="false" tool="1" flavor2="0">
      </item>
      <item path="GenesysGUI.h" ex="false" tool="3" flavor2="0">
      </item>
      <item path="Halt.cpp" ex="false" tool="1" flavor2="0">
      </item>
      <item path="Halt.h" ex="false" tool="3" flavor2="0">
      </item>
      <item path="Hold.cpp" ex="false" tool="1" flavor2="0">
      </item>
      <item path="Hold.h" ex="false" tool="3" flavor2="0">
      </item>
      <item path="HypothesisTesterDefaultImpl1.cpp" ex="false" tool="1" flavor2="0">
      </item>
      <item path="HypothesisTesterDefaultImpl1.h" ex="false" tool="3" flavor2="0">
      </item>
      <item path="HypothesisTesterDummyImpl.cpp" ex="false" tool="1" flavor2="0">
      </item>
      <item path="HypothesisTesterDummyImpl.h" ex="false" tool="3" flavor2="0">
      </item>
      <item path="HypothesisTester_if.h" ex="false" tool="3" flavor2="0">
      </item>
      <item path="IntegratorDefaultImpl1.cpp" ex="false" tool="1" flavor2="0">
      </item>
      <item path="IntegratorDefaultImpl1.h" ex="false" tool="3" flavor2="0">
      </item>
      <item path="IntegratorDummyImpl.cpp" ex="false" tool="1" flavor2="0">
      </item>
      <item path="IntegratorDummyImpl.h" ex="false" tool="3" flavor2="0">
      </item>
      <item path="Integrator_if.h" ex="false" tool="3" flavor2="0">
      </item>
      <item path="Leave.cpp" ex="false" tool="1" flavor2="0">
      </item>
      <item path="Leave.h" ex="false" tool="3" flavor2="0">
      </item>
      <item path="LicenceManager.cpp" ex="false" tool="1" flavor2="0">
      </item>
      <item path="LicenceManager.h" ex="false" tool="3" flavor2="0">
      </item>
      <item path="List.h" ex="false" tool="3" flavor2="0">
      </item>
      <item path="Match.cpp" ex="false" tool="1" flavor2="0">
      </item>
      <item path="Match.h" ex="false" tool="3" flavor2="0">
      </item>
      <item path="Model.cpp" ex="false" tool="1" flavor2="0">
      </item>
      <item path="Model.h" ex="false" tool="3" flavor2="0">
      </item>
      <item path="ModelCheckerDefaultImpl1.cpp" ex="false" tool="1" flavor2="0">
      </item>
      <item path="ModelCheckerDefaultImpl1.h" ex="false" tool="3" flavor2="0">
      </item>
      <item path="ModelCheckerImpl2.cpp" ex="false" tool="1" flavor2="0">
      </item>
      <item path="ModelCheckerImpl2.h" ex="false" tool="3" flavor2="0">
      </item>
      <item path="ModelChecker_if.h" ex="false" tool="3" flavor2="0">
      </item>
      <item path="ModelComponent.cpp" ex="false" tool="1" flavor2="0">
      </item>
      <item path="ModelComponent.h" ex="false" tool="3" flavor2="0">
      </item>
      <item path="ModelElement.cpp" ex="false" tool="1" flavor2="0">
      </item>
      <item path="ModelElement.h" ex="false" tool="3" flavor2="0">
      </item>
      <item path="ModelInfo.cpp" ex="false" tool="1" flavor2="0">
      </item>
      <item path="ModelInfo.h" ex="false" tool="3" flavor2="0">
      </item>
      <item path="ModelManager.cpp" ex="false" tool="1" flavor2="0">
      </item>
      <item path="ModelManager.h" ex="false" tool="3" flavor2="0">
      </item>
      <item path="ModelPersistenceDefaultImpl1.cpp" ex="false" tool="1" flavor2="0">
      </item>
      <item path="ModelPersistenceDefaultImpl1.h" ex="false" tool="3" flavor2="0">
      </item>
      <item path="ModelPersistence_if.h" ex="false" tool="3" flavor2="0">
      </item>
      <item path="ModelSimulation.cpp" ex="false" tool="1" flavor2="0">
      </item>
      <item path="ModelSimulation.h" ex="false" tool="3" flavor2="0">
      </item>
      <item path="Move.cpp" ex="false" tool="1" flavor2="0">
      </item>
      <item path="Move.h" ex="false" tool="3" flavor2="0">
      </item>
      <item path="ODE.cpp" ex="false" tool="1" flavor2="0">
      </item>
      <item path="ODE.h" ex="false" tool="3" flavor2="0">
      </item>
      <item path="OnEventManager.cpp" ex="false" tool="1" flavor2="0">
      </item>
      <item path="OnEventManager.h" ex="false" tool="3" flavor2="0">
      </item>
      <item path="ParserChangesInformation.cpp" ex="false" tool="1" flavor2="0">
      </item>
      <item path="ParserChangesInformation.h" ex="false" tool="3" flavor2="0">
      </item>
      <item path="ParserDefaultImpl1.cpp" ex="false" tool="1" flavor2="0">
      </item>
      <item path="ParserDefaultImpl1.h" ex="false" tool="3" flavor2="0">
      </item>
      <item path="ParserDummyImpl.cpp" ex="false" tool="1" flavor2="0">
      </item>
      <item path="ParserDummyImpl.h" ex="false" tool="3" flavor2="0">
      </item>
      <item path="ParserManager.cpp" ex="false" tool="1" flavor2="0">
      </item>
      <item path="ParserManager.h" ex="false" tool="3" flavor2="0">
      </item>
      <item path="Parser_if.h" ex="false" tool="3" flavor2="0">
      </item>
      <item path="PartialTest.cpp" ex="false" tool="1" flavor2="0">
      </item>
      <item path="PartialTest.h" ex="false" tool="3" flavor2="0">
      </item>
      <item path="PickStation.cpp" ex="false" tool="1" flavor2="0">
      </item>
      <item path="PickStation.h" ex="false" tool="3" flavor2="0">
      </item>
      <item path="PickUp.cpp" ex="false" tool="1" flavor2="0">
      </item>
      <item path="PickUp.h" ex="false" tool="3" flavor2="0">
      </item>
      <item path="Plugin.cpp" ex="false" tool="1" flavor2="0">
      </item>
      <item path="Plugin.h" ex="false" tool="3" flavor2="0">
      </item>
      <item path="PluginConnectorDummyImpl1.cpp" ex="false" tool="1" flavor2="0">
      </item>
      <item path="PluginConnectorDummyImpl1.h" ex="false" tool="3" flavor2="0">
      </item>
      <item path="PluginConnectorDummyImpl2.cpp" ex="false" tool="1" flavor2="0">
      </item>
      <item path="PluginConnectorDummyImpl2.h" ex="false" tool="3" flavor2="0">
      </item>
      <item path="PluginConnector_if.h" ex="false" tool="3" flavor2="0">
      </item>
      <item path="PluginInformation.cpp" ex="false" tool="1" flavor2="0">
      </item>
      <item path="PluginInformation.h" ex="false" tool="3" flavor2="0">
      </item>
      <item path="PluginManager.cpp" ex="false" tool="1" flavor2="0">
      </item>
      <item path="PluginManager.h" ex="false" tool="3" flavor2="0">
      </item>
      <item path="ProbDistrib.cpp" ex="false" tool="1" flavor2="0">
      </item>
      <item path="ProbDistrib.h" ex="false" tool="3" flavor2="0">
      </item>
      <item path="ProcessAnalyserDefaultImpl1.cpp" ex="false" tool="1" flavor2="0">
      </item>
      <item path="ProcessAnalyserDefaultImpl1.h" ex="false" tool="3" flavor2="0">
      </item>
      <item path="ProcessAnalyser_if.h" ex="false" tool="3" flavor2="0">
      </item>
      <item path="Queue.cpp" ex="false" tool="1" flavor2="0">
      </item>
      <item path="Queue.h" ex="false" tool="3" flavor2="0">
      </item>
      <item path="Record.cpp" ex="false" tool="1" flavor2="0">
      </item>
      <item path="Record.h" ex="false" tool="3" flavor2="0">
      </item>
      <item path="Release.cpp" ex="false" tool="1" flavor2="0">
      </item>
      <item path="Release.h" ex="false" tool="3" flavor2="0">
      </item>
      <item path="Remove.cpp" ex="false" tool="1" flavor2="0">
      </item>
      <item path="Remove.h" ex="false" tool="3" flavor2="0">
      </item>
      <item path="Request.cpp" ex="false" tool="1" flavor2="0">
      </item>
      <item path="Request.h" ex="false" tool="3" flavor2="0">
      </item>
      <item path="Resource.cpp" ex="false" tool="1" flavor2="0">
      </item>
      <item path="Resource.h" ex="false" tool="3" flavor2="0">
      </item>
      <item path="Route.cpp" ex="false" tool="1" flavor2="0">
      </item>
      <item path="Route.h" ex="false" tool="3" flavor2="0">
      </item>
      <item path="SamplerDefaultImpl1.cpp" ex="false" tool="1" flavor2="0">
      </item>
      <item path="SamplerDefaultImpl1.h" ex="false" tool="3" flavor2="0">
      </item>
      <item path="SamplerDummyImpl.cpp" ex="false" tool="1" flavor2="0">
      </item>
      <item path="SamplerDummyImpl.h" ex="false" tool="3" flavor2="0">
      </item>
      <item path="Sampler_if.h" ex="false" tool="3" flavor2="0">
      </item>
      <item path="ScenarioExperiment_if.h" ex="false" tool="3" flavor2="0">
      </item>
      <item path="Schedule.cpp" ex="false" tool="1" flavor2="0">
      </item>
      <item path="Schedule.h" ex="false" tool="3" flavor2="0">
      </item>
      <item path="Search.cpp" ex="false" tool="1" flavor2="0">
      </item>
      <item path="Search.h" ex="false" tool="3" flavor2="0">
      </item>
      <item path="SecondExampleOfSimulation.cpp" ex="false" tool="1" flavor2="0">
      </item>
      <item path="SecondExampleOfSimulation.h" ex="false" tool="3" flavor2="0">
      </item>
      <item path="Seize.cpp" ex="false" tool="1" flavor2="0">
      </item>
      <item path="Seize.h" ex="false" tool="3" flavor2="0">
      </item>
      <item path="Separate.cpp" ex="false" tool="1" flavor2="0">
      </item>
      <item path="Separate.h" ex="false" tool="3" flavor2="0">
      </item>
      <item path="Sequence.cpp" ex="false" tool="1" flavor2="0">
      </item>
      <item path="Sequence.h" ex="false" tool="3" flavor2="0">
      </item>
      <item path="Set.cpp" ex="false" tool="1" flavor2="0">
      </item>
      <item path="Set.h" ex="false" tool="3" flavor2="0">
      </item>
      <item path="Signal.cpp" ex="false" tool="1" flavor2="0">
      </item>
      <item path="Signal.h" ex="false" tool="3" flavor2="0">
      </item>
      <item path="SimulationControl.cpp" ex="false" tool="1" flavor2="0">
      </item>
      <item path="SimulationControl.h" ex="false" tool="3" flavor2="0">
      </item>
      <item path="SimulationReporterDefaultImpl1.cpp" ex="false" tool="1" flavor2="0">
      </item>
      <item path="SimulationReporterDefaultImpl1.h" ex="false" tool="3" flavor2="0">
      </item>
      <item path="SimulationReporter_if.h" ex="false" tool="3" flavor2="0">
      </item>
      <item path="SimulationResponse.cpp" ex="false" tool="1" flavor2="0">
      </item>
      <item path="SimulationResponse.h" ex="false" tool="3" flavor2="0">
      </item>
      <item path="SimulationScenario.cpp" ex="false" tool="1" flavor2="0">
      </item>
      <item path="SimulationScenario.h" ex="false" tool="3" flavor2="0">
      </item>
      <item path="Simulator.cpp" ex="false" tool="1" flavor2="0">
      </item>
      <item path="Simulator.h" ex="false" tool="3" flavor2="0">
      </item>
      <item path="SinkModelComponent.cpp" ex="false" tool="1" flavor2="0">
      </item>
      <item path="SinkModelComponent.h" ex="false" tool="3" flavor2="0">
      </item>
      <item path="SlidingWindowModel.cpp" ex="false" tool="1" flavor2="0">
      </item>
      <item path="SlidingWindowModel.h" ex="false" tool="3" flavor2="0">
      </item>
      <item path="SourceModelComponent.cpp" ex="false" tool="1" flavor2="0">
      </item>
      <item path="SourceModelComponent.h" ex="false" tool="3" flavor2="0">
      </item>
      <item path="Start.cpp" ex="false" tool="1" flavor2="0">
      </item>
      <item path="Start.h" ex="false" tool="3" flavor2="0">
      </item>
      <item path="Station.cpp" ex="false" tool="1" flavor2="0">
      </item>
      <item path="Station.h" ex="false" tool="3" flavor2="0">
      </item>
      <item path="StatisticsCollector.cpp" ex="false" tool="1" flavor2="0">
      </item>
      <item path="StatisticsCollector.h" ex="false" tool="3" flavor2="0">
      </item>
      <item path="StatisticsDataFileDummyImpl.cpp" ex="false" tool="1" flavor2="0">
      </item>
      <item path="StatisticsDataFileDummyImpl.h" ex="false" tool="3" flavor2="0">
      </item>
      <item path="StatisticsDataFile_if.h" ex="false" tool="3" flavor2="0">
      </item>
      <item path="StatisticsDefaultImpl1.cpp" ex="false" tool="1" flavor2="0">
      </item>
      <item path="StatisticsDefaultImpl1.h" ex="false" tool="3" flavor2="0">
      </item>
      <item path="StatisticsDummyImpl.cpp" ex="false" tool="1" flavor2="0">
      </item>
      <item path="StatisticsDummyImpl.h" ex="false" tool="3" flavor2="0">
      </item>
      <item path="Statistics_if.h" ex="false" tool="3" flavor2="0">
      </item>
      <item path="Stop.cpp" ex="false" tool="1" flavor2="0">
      </item>
      <item path="Stop.h" ex="false" tool="3" flavor2="0">
      </item>
      <item path="Storage.cpp" ex="false" tool="1" flavor2="0">
      </item>
      <item path="Storage.h" ex="false" tool="3" flavor2="0">
      </item>
      <item path="Store.cpp" ex="false" tool="1" flavor2="0">
      </item>
      <item path="Store.h" ex="false" tool="3" flavor2="0">
      </item>
      <item path="Submodel.cpp" ex="false" tool="1" flavor2="0">
      </item>
      <item path="Submodel.h" ex="false" tool="3" flavor2="0">
      </item>
      <item path="TestEnterLeaveRoute.cpp" ex="false" tool="1" flavor2="0">
      </item>
      <item path="TestEnterLeaveRoute.h" ex="false" tool="3" flavor2="0">
      </item>
      <item path="TestHoldSignal.cpp" ex="false" tool="1" flavor2="0">
      </item>
      <item path="TestHoldSignal.h" ex="false" tool="3" flavor2="0">
      </item>
      <item path="TestInputAnalyserTools.cpp" ex="false" tool="1" flavor2="0">
      </item>
      <item path="TestInputAnalyserTools.h" ex="false" tool="3" flavor2="0">
      </item>
      <item path="TestODE.cpp" ex="false" tool="1" flavor2="0">
      </item>
      <item path="TestODE.h" ex="false" tool="3" flavor2="0">
      </item>
      <item path="TestParser.cpp" ex="false" tool="1" flavor2="0">
      </item>
      <item path="TestParser.h" ex="false" tool="3" flavor2="0">
      </item>
      <item path="TestRemove.cpp" ex="false" tool="1" flavor2="0">
      </item>
      <item path="TestRemove.h" ex="false" tool="3" flavor2="0">
      </item>
      <item path="TestSeparate.cpp" ex="false" tool="1" flavor2="0">
      </item>
      <item path="TestSeparate.h" ex="false" tool="3" flavor2="0">
      </item>
      <item path="TestSimulationControlAndSimulationResponse.cpp"
            ex="false"
            tool="1"
            flavor2="0">
      </item>
      <item path="TestSimulationControlAndSimulationResponse.h"
            ex="false"
            tool="3"
            flavor2="0">
      </item>
      <item path="TestStatistics.cpp" ex="false" tool="1" flavor2="0">
      </item>
      <item path="TestStatistics.h" ex="false" tool="3" flavor2="0">
      </item>
      <item path="ThirdExampleOfSimulation.cpp" ex="false" tool="1" flavor2="0">
      </item>
      <item path="ThirdExampleOfSimultion.h" ex="false" tool="3" flavor2="0">
      </item>
      <item path="ToolManager.cpp" ex="false" tool="1" flavor2="0">
      </item>
      <item path="ToolManager.h" ex="false" tool="3" flavor2="0">
      </item>
      <item path="TraceManager.cpp" ex="false" tool="1" flavor2="0">
      </item>
      <item path="TraceManager.h" ex="false" tool="3" flavor2="0">
      </item>
      <item path="Traits.h" ex="false" tool="3" flavor2="0">
      </item>
      <item path="Unstore.cpp" ex="false" tool="1" flavor2="0">
      </item>
      <item path="Unstore.h" ex="false" tool="3" flavor2="0">
      </item>
      <item path="Util.cpp" ex="false" tool="1" flavor2="0">
      </item>
      <item path="Util.h" ex="false" tool="3" flavor2="0">
      </item>
      <item path="Variable.cpp" ex="false" tool="1" flavor2="0">
      </item>
      <item path="Variable.h" ex="false" tool="3" flavor2="0">
      </item>
      <item path="Write.cpp" ex="false" tool="1" flavor2="0">
      </item>
      <item path="Write.h" ex="false" tool="3" flavor2="0">
      </item>
      <item path="main.cpp" ex="false" tool="1" flavor2="0">
      </item>
      <item path="parserBisonFlex/Genesys++-driver.cpp"
            ex="false"
            tool="1"
            flavor2="0">
      </item>
      <item path="parserBisonFlex/Genesys++-driver.h" ex="false" tool="3" flavor2="0">
      </item>
      <item path="parserBisonFlex/Genesys++-scanner.cpp"
            ex="false"
            tool="1"
            flavor2="0">
      </item>
      <item path="parserBisonFlex/GenesysParser.cpp" ex="false" tool="1" flavor2="0">
      </item>
      <item path="parserBisonFlex/GenesysParser.h" ex="false" tool="3" flavor2="0">
      </item>
      <item path="parserBisonFlex/ParserDefaultImpl2.cpp"
            ex="false"
            tool="1"
            flavor2="0">
      </item>
      <item path="parserBisonFlex/ParserDefaultImpl2.h"
            ex="false"
            tool="3"
            flavor2="0">
      </item>
      <item path="parserBisonFlex/location.hh" ex="false" tool="3" flavor2="0">
      </item>
      <item path="parserBisonFlex/obj_t.cpp" ex="false" tool="1" flavor2="0">
      </item>
      <item path="parserBisonFlex/obj_t.h" ex="false" tool="3" flavor2="0">
      </item>
      <item path="parserBisonFlex/parser/bisonparser.yy"
            ex="false"
            tool="3"
            flavor2="0">
      </item>
      <item path="parserBisonFlex/parser/lexerparser.ll"
            ex="false"
            tool="3"
            flavor2="0">
      </item>
      <item path="parserBisonFlex/position.hh" ex="false" tool="3" flavor2="0">
      </item>
      <item path="parserBisonFlex/stack.hh" ex="false" tool="3" flavor2="0">
      </item>
    </conf>
  </confs>
</configurationDescriptor>
