<?xml version="1.0" encoding="UTF-8"?>
<project-private xmlns="http://www.netbeans.org/ns/project-private/1">
    <data xmlns="http://www.netbeans.org/ns/make-project-private/1">
        <activeConfTypeElem>1</activeConfTypeElem>
        <activeConfIndexElem>0</activeConfIndexElem>
    </data>
    <editor-bookmarks xmlns="http://www.netbeans.org/ns/editor-bookmarks/2" lastBookmarkId="0"/>
    <open-files xmlns="http://www.netbeans.org/ns/projectui-open-files/2">
        <group>
            <file>file:/home/joao/Documentos/ine5425_ModSim/pp2-ine5425/ReGenESYs-master/Record.h</file>
            <file>file:/home/joao/Documentos/ine5425_ModSim/pp2-ine5425/ReGenESYs-master/Hold.cpp</file>
            <file>file:/home/joao/Documentos/ine5425_ModSim/pp2-ine5425/ReGenESYs-master/SlidingWindowModel.cpp</file>
            <file>file:/home/joao/Documentos/ine5425_ModSim/pp2-ine5425/ReGenESYs-master/Record.cpp</file>
            <file>file:/home/joao/Documentos/ine5425_ModSim/pp2-ine5425/ReGenESYs-master/Signal.cpp</file>
        </group>
    </open-files>
</project-private>
